{
  "data": [
    {
      "id": "2",
      "type": "course",
      "attributes": {
        "name": "Fundamentos de desarrollo web",
        "slug": "fundamentos-de-desarrollo-web",
        "description": "<p>Lorem ipsum dolor sit amet, consectetur adipiscing elit. Sed plane dicit quod intellegit. Tria genera bonorum; Duo Reges: constructio interrete. Urgent tamen et nihil remittunt. Quae sequuntur igitur? Quod equidem non reprehendo; </p>",
        "enabled": true,
        "difficulty": "principiante",
        "tag_list": ["GIT", "Terminal", "CSS", "HTML"],
        "cover": "https://images.unsplash.com/photo-1484417894907-623942c8ee29?ixlib=rb-1.2.1&ixid=eyJhcHBfaWQiOjEyMDd9&auto=format&fit=crop&w=1189&q=80"
      }
    },
    {
      "id": "3",
      "type": "course",
      "attributes": {
        "name": "CSS Avanzado",
        "slug": "css-avanzado",
        "description": "<p>Lorem ipsum dolor sit amet, consectetur adipiscing elit. Pauca mutat vel plura sane; Idemne, quod iucunde? At certe gravius. </p>",
        "enabled": true,
        "difficulty": "media",
        "tag_list": ["CSS", "BEM", "Sass", "Responsive"],
        "cover": "https://images.unsplash.com/photo-1507721999472-8ed4421c4af2?ixlib=rb-1.2.1&ixid=eyJhcHBfaWQiOjEyMDd9&auto=format&fit=crop&w=1050&q=80"
      }
    },
    {
      "id": "4",
      "type": "course",
      "attributes": {
        "name": "Javascript",
        "slug": "javascript",
        "description": "<p>Lorem ipsum dolor sit amet, consectetur adipiscing elit. Estne, quaeso, inquam, sitienti in bibendo voluptas? Id Sextilius factum negabat. Suo genere perveniant ad extremum; Tum mihi Piso: Quid ergo? </p>",
        "enabled": true,
        "difficulty": "hard",
        "tag_list": ["Programming", "ES6", "Babel"],
        "cover": "https://i.imgur.com/78xQcQq.jpg"
      }
    }
  ]
}
