{
    "data": {
      "id": "3",
      "type": "course",
      "attributes": {
        "name": "CSS Avanzado",
        "slug": "css-avanzado",
        "description": "<h1>Nonne videmus quanta perturbatio rerum omnium consequatur, quanta confusio?</h1>\r\n\r\n<p>Lorem ipsum dolor sit amet, consectetur adipiscing elit. <code>Maximus dolor, inquit, brevis est.</code> Sed eum qui audiebant, quoad poterant, defendebant sententiam suam. Tum, Quintus et Pomponius cum idem se velle dixissent, Piso exorsus est. Quod cum accidisset ut alter alterum necopinato videremus, surrexit statim. Duo Reges: constructio interrete. Tria genera bonorum; Et hunc idem dico, inquieta sed ad virtutes et ad vitia nihil interesse. </p>\r\n\r\n<ul>\r\n\t<li>Scientiam pollicentur, quam non erat mirum sapientiae cupido patria esse cariorem.</li>\r\n\t<li>Conclusum est enim contra Cyrenaicos satis acute, nihil ad Epicurum.</li>\r\n\t<li>Multa sunt dicta ab antiquis de contemnendis ac despiciendis rebus humanis;</li>\r\n\t<li>Nihil opus est exemplis hoc facere longius.</li>\r\n\t<li>Si quicquam extra virtutem habeatur in bonis.</li>\r\n\t<li>Alterum significari idem, ut si diceretur, officia media omnia aut pleraque servantem vivere.</li>\r\n</ul>\r\n\r\n\r\n<p>Quaero igitur, quo modo hae tantae commendationes a natura profectae subito a sapientia relictae sint. <code>Sit enim idem caecus, debilis.</code> Ita similis erit ei finis boni, atque antea fuerat, neque idem tamen; Quo tandem modo? Beatus autem esse in maximarum rerum timore nemo potest. Eaedem enim utilitates poterunt eas labefactare atque pervertere. </p>\r\n\r\n<pre>Sit voluptas non minor in nasturcio illo, quo vesci Persas\r\nesse solitos scribit Xenophon, quam in Syracusanis mensis,\r\nquae a Platone graviter vituperantur;\r\n\r\nEx quo intellegitur idem illud, solum bonum esse, quod\r\nhonestum sit, idque esse beate vivere: honeste, id est cum\r\nvirtute, vivere.\r\n</pre>\r\n\r\n\r\n<p>Et harum quidem rerum facilis est et expedita distinctio. Ab his oratores, ab his imperatores ac rerum publicarum principes extiterunt. <code>Tria genera bonorum;</code> Eodem modo is enim tibi nemo dabit, quod, expetendum sit, id esse laudabile. Vidit Homerus probari fabulam non posse, si cantiunculis tantus irretitus vir teneretur; Apud imperitos tum illa dicta sunt, aliquid etiam coronae datum; </p>\r\n\r\n",
        "enabled": true,
        "difficulty": "medium",
        "tag_list": [
          "Responsive",
          "Sass",
          "BEM",
          "CSS"
        ],
        "cover": "https://images.unsplash.com/photo-1507721999472-8ed4421c4af2?ixlib=rb-1.2.1&ixid=eyJhcHBfaWQiOjEyMDd9&auto=format&fit=crop&w=1050&q=80"
      }
    },
    "included": [
      {
        "id": "8",
        "type": "syllabus_item",
        "attributes": {
          "name": "Construye un sitio web usando hojas de estilos CSS y metodologías para la organización y modularización."
        }
      },
      {
        "id": "9",
        "type": "syllabus_item",
        "attributes": {
          "name": "Construye un sitio web utilizando el modelo de cajas acorde a las especificaciones de una maqueta predefinida."
        }
      },
      {
        "id": "10",
        "type": "syllabus_item",
        "attributes": {
          "name": "Construye un sitio web usando el framework CSS Bootstrap 4 para  simplificar el desarrollo de layouts, contenidos y componentes."
        }
      }
    ]
  }
  